INSERT INTO DISCOUNT_TYPE VALUES (0, 'No Discount', 0);
INSERT INTO DISCOUNT_TYPE VALUES (1, 'Employee Discount', 10);
INSERT INTO DISCOUNT_TYPE VALUES (2, 'Christmas Discount', 15);
INSERT INTO DISCOUNT_TYPE VALUES (3, 'Loyalty Discount', 20);
INSERT INTO DISCOUNT_TYPE VALUES (4, 'Special Event Discount', 5);

INSERT INTO CLIENT_CARD VALUES (10100001, 100);
INSERT INTO CLIENT_CARD VALUES (10100002, 200);
INSERT INTO CLIENT_CARD VALUES (10100003, 300);
INSERT INTO CLIENT_CARD VALUES (10100004, 400);
INSERT INTO CLIENT_CARD VALUES (10100005, 500);
INSERT INTO CLIENT_CARD VALUES (10100006, 600);

INSERT INTO EMPLOYEE VALUES ('12345678A', 'Ana Ruiz', 'Calle Sol 3', 'Madrid', '612345678', 1800, 150);
INSERT INTO EMPLOYEE VALUES ('87654321B', 'Carlos Pérez', 'Av. Luna 7', 'Sevilla', '622345678', 1900, 200);
INSERT INTO EMPLOYEE VALUES ('45678901C', 'Lucía Gómez', 'Plaza Mayor 1', 'Madrid', '632345678', 1750, 120);
INSERT INTO EMPLOYEE VALUES ('23456789D', 'Miguel Soto', 'Gran Vía 45', 'Madrid', '642345678', 1600, 100);
INSERT INTO EMPLOYEE VALUES ('34567890E', 'Sofía Rivas', 'Av. América 21', 'Valencia', '652345678', 1850, 140);
INSERT INTO EMPLOYEE VALUES ('56789012F', 'Jorge Nadal', 'Calle Río 11', 'Sevilla', '662345678', 1700, 130);

INSERT INTO CLIENT VALUES ('12345678A', 'Ana Ruiz', 'Calle Sol 3', 'Madrid', '612345678', 10100001, 300.00, 1);
INSERT INTO CLIENT VALUES ('87654321B', 'Carlos Pérez', 'Av. Luna 7', 'Sevilla', '622345678', 10100002, 420.00, 1);
INSERT INTO CLIENT VALUES ('45678901C', 'Lucía Gómez', 'Plaza Mayor 1', 'Madrid', '632345678', 10100003, 110.00, 1);
INSERT INTO CLIENT VALUES ('67890123G', 'Diego Lora', 'Calle Sol 12', 'Madrid', '672345678', 10100004, 210.00, 0);
INSERT INTO CLIENT VALUES ('78901234H', 'María Vidal', 'Calle Nieve 33', 'Bilbao', '682345678', 10100005, 510.00, 3);
INSERT INTO CLIENT VALUES ('89012345I', 'Pedro Lara', 'Camino Alto 8', 'Zaragoza', '692345678', 10100006, 80.00, 4);

INSERT INTO DISTRIBUTOR VALUES ('A12345678', 'GamePro Distribution', 'Polígon Tecnològic 21', 'Barcelona', '644445678', 'Jordi Valls', 30000);
INSERT INTO DISTRIBUTOR VALUES ('B12345678', 'LevelUp Supplies', 'Av. Gaming 12', 'Girona', '655556789', 'Marta Capdevila', 25000);
INSERT INTO DISTRIBUTOR VALUES ('C12345678', 'TechGames Import', 'Carrer Consola 3', 'Tarragona', '666667890', 'Albert Puig', 27000);
INSERT INTO DISTRIBUTOR VALUES ('D12345678', 'OfiGaming', 'Via Player 10', 'Lleida', '677778901', 'Laia Font', 19000);
INSERT INTO DISTRIBUTOR VALUES ('E12345678', 'Nord Games', 'Av. del Joc 99', 'Manresa', '688889012', 'Pau Feliu', 22000);
INSERT INTO DISTRIBUTOR VALUES ('F12345678', 'Sud Consoles', 'Camí Pixel 15', 'Reus', '699990123', 'Carla Roig', 21000);

INSERT INTO PRODUCT VALUES (2001, 'The Witcher 3', 'RPG d’acció per a PC i consola', 49.99, 15, 5, 'A12345678');
INSERT INTO PRODUCT VALUES (2002, 'Mario Kart 8', 'Joc de curses per a Nintendo Switch', 59.99, 10, 10, 'B12345678');
INSERT INTO PRODUCT VALUES (2003, 'Elden Ring', 'Joc d’aventura i fantasia', 69.99, 8, 4, 'C12345678');
INSERT INTO PRODUCT VALUES (2004, 'Logitech G Pro', 'Ratolí professional per a gaming', 89.00, 6, 3, 'D12345678');
INSERT INTO PRODUCT VALUES (2005, 'Alfombra RGB XL', 'Alfombra amb il·luminació LED', 29.99, 20, 10, 'E12345678');
INSERT INTO PRODUCT VALUES (2006, 'Altaveus Trust 2.1', 'Sistema d’àudio per a gamers', 39.95, 5, 5, 'F12345678');

INSERT INTO SALE VALUES (3001, '12345678A', '12345678A', TO_DATE('2025-04-11 10:00:00', 'YYYY-MM-DD HH24:MI:SS'), 1);
INSERT INTO SALE VALUES (3002, '87654321B', '87654321B', TO_DATE('2025-04-10 12:15:00', 'YYYY-MM-DD HH24:MI:SS'), 1);
INSERT INTO SALE VALUES (3003, '45678901C', '45678901C', TO_DATE('2025-04-09 09:00:00', 'YYYY-MM-DD HH24:MI:SS'), 1);
INSERT INTO SALE VALUES (3004, '67890123G', '23456789D', TO_DATE('2025-04-08 13:30:00', 'YYYY-MM-DD HH24:MI:SS'), 0);
INSERT INTO SALE VALUES (3005, '78901234H', '34567890E', TO_DATE('2024-12-23 11:00:00', 'YYYY-MM-DD HH24:MI:SS'), 2); -- Nadal
INSERT INTO SALE VALUES (3006, '89012345I', '56789012F', TO_DATE('2025-04-07 10:45:00', 'YYYY-MM-DD HH24:MI:SS'), 4);

INSERT INTO SALE_DETAILS VALUES (4001, 3001, 2001, 2); -- The Witcher 3
INSERT INTO SALE_DETAILS VALUES (4002, 3002, 2002, 1); -- Mario Kart
INSERT INTO SALE_DETAILS VALUES (4003, 3003, 2003, 2); -- Elden Ring
INSERT INTO SALE_DETAILS VALUES (4004, 3004, 2004, 1); -- Logitech G Pro
INSERT INTO SALE_DETAILS VALUES (4005, 3005, 2002, 1); -- Mario Kart (torna a baixar el stock, es dispara comanda)
INSERT INTO SALE_DETAILS VALUES (4006, 3006, 2006, 2); -- Altaveus Trust

COMMIT;